Density_Type,Station_Index,X_Coord,Y_Coord,Chargers_Built,Capacity_Robots
High,2,-63.49933222847956,-66.36781030808332,8,16
High,5,-65.1653245475046,-68.05118355331884,8,16
High,6,-61.51223185400713,-66.33617205314633,4,8
Low,1,-2.6456996155894723,-83.71578650681882,5,10
Low,6,39.43608879842808,-80.09162857635053,7,14
Low,7,8.997208628462445,-83.68279616636654,8,16
Median,2,155.1767145927968,-76.24749961242443,5,10
Median,3,158.72538012025282,-80.70292488594959,7,14
Median,4,151.14156373047152,-80.7872969541668,8,16
