Scenario,Total_Cost,Lower_Bound,Stations,Avg_Chargers
High,26556.26154939347,26525.533563509358,3,6.666666666666667
Low,26794.320937735232,26607.697797722933,3,6.666666666666667
Median,26601.139914366722,26556.764491622216,3,6.666666666666667
