Density_Type,Station_Index,X_Coord,Y_Coord,Chargers_Built,Capacity_Robots
High,0,-60.20511973,-63.98841777999999,4,8
High,1,-60.20511973,-63.98841777999999,8,16
High,6,-60.20511973,-63.98841777999999,8,16
Low,0,5.781430345846738,-85.72551608066408,8,16
Low,2,51.2488309520625,-71.32633992281251,4,8
Low,7,-4.368962144,-89.82890825,8,16
Median,3,148.9767028,-84.92296248,8,16
Median,5,148.9767028,-84.92296248,4,8
Median,6,148.9767028,-84.92296248,8,16
