Variation_Percent,Total_Cost
-20,595227.3098687398
-10,622027.3098687398
0,648827.3098687398
10,675627.3098687398
20,702427.3098687398
